id,prediction1673,0
1674,1
1675,3
1676,0
1677,0
1678,2
1679,0
1680,2
1681,3
1682,2
1683,2
1684,1
1685,0
1686,2
1687,1
1688,2
1689,3
1690,0
1691,2
1692,2
1693,0
1694,1
1695,0
1696,0
1697,2
1698,2
1699,2
1700,2
1701,2
1702,2
1703,2
1704,2
1705,2
1706,2
1707,1
1708,1
1709,2
1710,2
1711,1
1712,2
1713,1
1714,2
1715,3
1716,0
1717,1
1718,0
1719,0
1720,2
1721,2
1722,2
1723,2
1724,0
1725,1
1726,0
1727,2
1728,0
1729,0
1730,2
1731,3
1732,0
1733,0
1734,2
1735,1
1736,2
1737,2
1738,1
1739,0
1740,3
1741,2
1742,0
1743,3
1744,0
1745,1
1746,0
1747,0
1748,2
1749,2
1750,1
1751,2
1752,2
1753,0
1754,1
1755,2
1756,2
1757,2
1758,2
1759,2
1760,3
1761,2
1762,0
1763,2
1764,3
1765,2
1766,1
1767,2
1768,0
1769,2
1770,2
1771,2
1772,2
1773,3
1774,0
1775,2
1776,2
1777,2
1778,3
1779,1
1780,1
1781,2
1782,0
1783,2
1784,2
1785,2
1786,0
1787,2
1788,0
1789,2
1790,0
1791,3
1792,2
1793,0
1794,1
1795,3
1796,0
1797,0
1798,2
1799,2
1800,0
1801,0
1802,1
1803,1
1804,2
1805,1
1806,1
1807,3
1808,2
1809,2
1810,0
1811,3
1812,1
1813,2
1814,3
1815,0
1816,0
1817,2
1818,2
1819,2
1820,0
1821,2
1822,2
1823,3
1824,2
1825,2
1826,0
1827,2
1828,1
1829,2
1830,1
1831,3
1832,2
1833,0
1834,2
1835,2
1836,3
1837,2
1838,1
1839,2
1840,0
1841,0
1842,2
1843,2
1844,2
1845,2
1846,2
1847,2
1848,2
1849,1
1850,0
1851,0
1852,0
1853,2
1854,2
1855,2
1856,0
1857,2
1858,2
1859,0
1860,3
1861,1
1862,3
1863,0
1864,2
1865,2
1866,1
1867,2
1868,0
1869,0
1870,2
1871,0
1872,2
1873,0
1874,2
1875,0
1876,3
1877,2
1878,0
1879,2
1880,2
1881,0
1882,2
1883,2
1884,1
1885,2
1886,2
1887,2
1888,1
1889,1
1890,2
1891,2
1892,2
1893,0
1894,2
1895,2
1896,0
1897,2
1898,0
1899,1
1900,2
1901,0
1902,1
1903,1
1904,2
1905,0
1906,2
1907,1
1908,2
1909,2
1910,1
1911,2
1912,2
1913,0
1914,1
1915,2
1916,1
1917,0
1918,2
1919,1
1920,0
1921,1
1922,1
1923,0
1924,1
1925,2
1926,2
1927,2
1928,2
1929,2
1930,0
1931,0
1932,2
1933,2
1934,2
1935,0
1936,0
1937,2
1938,2
1939,0
1940,1
1941,2
1942,2
1943,0
1944,1
1945,0
1946,2
1947,2
1948,0
1949,0
1950,1
1951,0
1952,0
1953,0
1954,0
1955,0
1956,1
1957,2
1958,1
1959,1
1960,2
1961,1
1962,2
1963,1
1964,0
1965,0
1966,2
1967,2
1968,2
1969,2
1970,2
1971,0
1972,0
1973,2
1974,1
1975,1
1976,0
1977,2
1978,0
1979,2
1980,2
1981,2
1982,3
1983,1
1984,2
1985,2
1986,2
1987,0
1988,2
1989,2
1990,2
1991,2
1992,0
1993,0
1994,2
1995,1
1996,2
1997,0
1998,2
1999,1
2000,0
2001,2
2002,0
2003,2
2004,3
2005,2
2006,2
2007,0
2008,1
2009,0
2010,2
2011,1
2012,2
2013,2
2014,3
2015,0
2016,2
2017,2
2018,2
2019,0
2020,0
2021,2
2022,2
2023,2
2024,2
2025,2
2026,2
2027,0
2028,2
2029,0
2030,2
2031,1
2032,0
2033,2
2034,2
2035,2
2036,2
2037,2
2038,3
2039,0
2040,2
2041,2
2042,2
2043,2
2044,2
2045,1
2046,0
2047,2
2048,3
2049,0
2050,0
2051,0
2052,3
2053,2
2054,0
2055,1
2056,1
2057,0
2058,1
2059,1
2060,2
2061,1
2062,0
2063,2
2064,0
2065,0
2066,0
2067,0
2068,0
2069,0
2070,2
2071,0
2072,2
2073,0
2074,2
2075,2
2076,2
2077,0
2078,2
2079,2
2080,1
2081,2
2082,0
2083,3
2084,2
2085,0
2086,2
2087,2
2088,2
2089,1
2090,1
2091,2
2092,2
2093,0
2094,1
2095,2
2096,1
2097,2
2098,2
2099,2
2100,1
2101,0
2102,1
2103,2
2104,1
2105,1
2106,1
2107,3
2108,2
2109,1
2110,0
2111,0
2112,0
2113,2
2114,0
2115,3
2116,3
2117,3
2118,2
2119,1
2120,1
2121,2
2122,2
2123,2
2124,0
2125,2
2126,2
2127,3
2128,2
2129,2
2130,2
2131,1
2132,2
2133,2
2134,1
2135,0
2136,2
2137,2
2138,0
2139,2
2140,2
2141,2
2142,0
2143,2
2144,1
2145,2
2146,0
2147,2
2148,2
2149,1
2150,2
2151,2
2152,0
2153,0
2154,1
2155,2
2156,2
2157,1
2158,3
2159,2
2160,2
2161,2
2162,3
2163,2
2164,2
2165,1
2166,2
2167,2
2168,2
2169,1
2170,0
2171,2
2172,2
2173,0
2174,2
2175,2
2176,2
2177,1
2178,0
2179,1
2180,2
2181,1
2182,2
2183,0
2184,2
2185,2
2186,1
2187,0
2188,0
2189,1
2190,2
2191,0
2192,0
2193,2
2194,0
2195,0
2196,2
2197,1
2198,3
2199,2
2200,2
2201,1
2202,0
2203,1
2204,0
2205,2
2206,0
2207,0
2208,2
2209,3
2210,3
2211,2
2212,1
2213,2
2214,0
2215,0
2216,1
2217,2
2218,3
2219,2
2220,3
2221,2
2222,2
2223,0
2224,2
2225,2
2226,0
2227,1
2228,2
2229,0
4066,2
4067,2
4068,2
4069,2
4070,2
4071,3
4072,2
4073,3
4074,1
4075,3
4076,2
4077,1
4078,2
4079,2
4080,2
4081,2
4082,1
4083,2
4084,2
4085,2
4086,1
4087,2
4088,0
4089,0
4090,2
4091,0
4092,2
4093,2
4094,2
4095,2
4096,2
4097,2
4098,2
4099,2
4100,2
4101,1
4102,2
4103,3
4104,1
4105,1
4106,1
4107,2
4108,1
4109,2
4110,1
4111,3
4112,1
4113,3
4114,3
4115,3
4116,2
4117,2
4118,3
4119,2
4120,2
4121,3
4122,2
4123,2
4124,2
4125,2
4126,2
4127,2
4128,0
4129,1
4130,2
4131,2
4132,3
4133,2
4134,2
4135,1
4136,2
4137,0
4138,3
4139,2
4140,3
4141,2
4142,3
4143,2
4144,2
4145,2
4146,2
4147,1
4148,2
4149,3
4150,2
4151,3
4152,2
4153,2
4154,2
4155,0
4156,2
4157,1
4158,2
4159,2
4160,3
4161,1
4162,2
4163,1
4164,2
4165,2
4166,2
4167,2
4168,2
4169,3
4170,0
4171,2
4172,0
4173,2
4174,2
4175,2
4176,0
4177,2
4178,2
4179,2
4180,2
4181,2
4182,2
4183,2
4184,2
4185,3
4186,0
4187,2
4188,2
4189,1
4190,2
4191,0
4192,2
4193,2
4194,0
4195,2
4196,2
4197,2
4198,1
4199,1
4200,3
4201,2
4202,2
4203,0
4204,1
4205,3
4206,3
4207,2
4208,2
4209,3
4210,2
4211,3
4212,1
4213,2
4214,0
4215,3
4216,1
4217,2
4218,2
4219,1
4220,2
4221,2
4222,2
4223,2
4224,2
4225,2
4226,2
4227,0
4228,2
4229,2
4230,3
4231,2
4232,1
4233,1
4234,2
4235,2
4236,1
4237,2
4238,2
4239,2
4240,2
4241,2
4242,2
4243,1
4244,2
4245,2
4246,0
4247,0
4248,2
4249,2
4250,2
4251,3
4252,2
4253,1
4254,3
4255,3
4256,2
4257,2
4258,3
4259,2
4260,2
4261,0
4262,2
4263,2
4264,3
4265,2
4266,1
4267,2
4268,2
4269,1
4270,0
4271,2
4272,0
4273,1
4274,2
4275,1
4276,2
4277,3
4278,2
4279,2
4280,2
4281,2
4282,2
4283,1
4284,3
4285,2
4286,2
4287,2
4288,0
4289,2
4290,2
4291,2
4292,2
4293,2
4294,2
4295,1
4296,1
4297,2
4298,2
4299,2
4300,1
4301,0
4302,2
4303,2
4304,2
4305,1
4306,2
4307,1
4308,3
4309,3
4310,2
4311,0
4312,2
4313,2
4314,1
4315,2
4316,2
4317,2
4318,0
4319,1
4320,2
4321,2
4322,1
4323,2
4324,2
4325,2
4326,2
4327,2
4328,2
4329,2
4330,0
4331,2
4332,1
4333,2
4334,2
4335,2
4336,1
4337,2
4338,1
4339,1
4340,3
4341,0
4342,2
4343,2
4344,1
4345,2
4346,2
4347,2
4348,2
4349,2
4350,1
4351,0
4352,3
4353,1
4354,2
4355,3
4356,2
4357,2
4358,2
4359,2
4360,2
4361,1
4362,2
4363,2
4364,1
4365,2
4366,2
4367,2
4368,3
4369,0
4370,2
4371,1
4372,2
4373,2
4374,2
4375,2
4376,2
4377,1
4378,3
4379,2
4380,2
4381,3
4382,3
4383,2
4384,1
4385,2
4386,2
4387,2
4388,2
4389,3
4390,2
4391,2
4392,3
4393,2
4394,2
4395,2
4396,1
4397,1
4398,2
4399,3
4400,2
4401,1
4402,1
4403,2
4404,1
4405,3
4406,1
4407,2
4408,1
4409,2
4410,2
4411,2
4412,2
4413,2
4414,2
4415,1
4416,1
4417,2
4418,2
4419,2
4420,2
4421,1
4422,2
4423,1
4424,2
4425,0
4426,2
4427,2
4428,2
4429,2
4430,2
4431,2
4432,2
4433,1
4434,2
4435,2
4436,1
4437,3
4438,2
4439,2
4440,3
4441,2
4442,2
4443,2
4444,2
4445,3
4446,2
4447,2
4448,2
4449,2
4450,0
4451,2
4452,2
4453,0
4454,3
4455,3
4456,2
4457,2
4458,0
4459,2
4460,3
4461,2
4462,1
4463,2
4464,0
4465,2
4466,2
4467,2
4468,2
4469,2
4470,0
4471,1
4472,2
4473,1
4474,2
4475,2
4476,2
4477,2
4478,1
4479,0
4480,2
4481,3
4482,2
4483,2
4484,1
4485,1
4486,0
4487,0
4488,2
4489,2
4490,2
4491,2
12762,0
12763,0
12764,0
12765,0
12766,0
12767,0
12768,0
12769,0
12770,1
12771,0
12772,0
12773,0
12774,0
12775,0
12776,0
12777,0
12778,0
12779,0
12780,1
12781,0
12782,0
12783,1
12784,0
12785,0
12786,0
12787,0
12788,0
12789,1
12790,1
12791,0
12792,0
12793,0
12794,0
12795,0
12796,0
12797,0
12798,0
12799,0
12800,0
12801,0
12802,0
12803,0
12804,1
12805,0
12806,1
12807,0
12808,1
12809,0
12810,0
12811,0
12812,0
12813,0
12814,0
12815,0
12816,1
12817,1
12818,0
12819,0
12820,1
12821,0
12822,0
12823,0
12824,0
12825,1
12826,0
12827,0
12828,0
12829,0
12830,0
12831,0
12832,0
12833,1
12834,1
12835,1
12836,0
12837,0
12838,0
12839,0
12840,0
12841,0
12842,0
12843,0
12844,1
12845,0
12846,0
12847,0
12848,1
12849,0
12850,0
12851,0
12852,0
12853,0
12854,0
12855,0
12856,1
12857,0
12858,0
12859,0
12860,0
12861,0
12862,0
12863,0
12864,0
12865,1
12866,0
12867,0
12868,1
12869,0
12870,1
12871,0
12872,1
12873,0
12874,0
12875,0
12876,0
12877,0
12878,0
12879,0
12880,1
12881,0
12882,0
12883,0
12884,0
12885,0
12886,0
12887,1
12888,0
12889,1
12890,1
12891,0
12892,0
12893,0
12894,0
12895,1
12896,0
12897,0
12898,0
12899,0
12900,0
12901,1
12902,0
12903,0
12904,0
12905,0
12906,1
12907,0
12908,1
12909,1
12910,0
12911,1
12912,0
12913,1
12914,0
12915,0
12916,1
12917,0
12918,0
12919,0
12920,0
12921,0
12922,1
12923,0
12924,1
12925,0
12926,0
12927,1
12928,0
12929,0
12930,0
12931,0
12932,0
12933,1
12934,0
12935,0
12936,0
12937,0
12938,0
12939,0
12940,0
12941,0
12942,0
12943,0
12944,0
12945,0
12946,0
12947,0
12948,0
12949,0
12950,0
12951,0
12952,0
12953,0
12954,0
12955,0
12956,0
12957,0
12958,0
12959,0
12960,0
12961,0
12962,0
12963,0
12964,0
12965,0
12966,0
12967,0
12968,0
12969,0
12970,0
12971,0
12972,0
12973,0
12974,1
12975,0
12976,1
12977,1
12978,0
12979,0
12980,1
12981,0
12982,1
12983,0
12984,0
12985,0
12986,0
12987,0
12988,1
12989,0
12990,0
12991,0
12992,0
12993,0
12994,0
12995,0
12996,1
12997,0
12998,0
12999,1
13000,0
13001,0
13002,0
13003,0
13004,1
13005,0
13006,0
13007,0
13008,0
13009,1
13010,0
13011,0
13012,0
13013,0
13014,1
13015,1
13016,0
13017,0
13018,3
13019,0
13020,0
13021,0
13022,0
13023,0
13024,0
13025,0
13026,0
13027,0
13028,0
13029,0
13030,0
13031,1
13032,0
13033,0
13034,0
13035,0
13036,0
13037,0
13038,0
13039,0
13040,1
13041,1
13042,0
13043,0
13044,0
13045,0
13046,0
13047,0
13048,0
13049,1
13050,1
13051,0
13052,0
13053,0
13054,0
13055,0
13056,0
13057,0
13058,1
13059,0
13060,0
13061,1
13062,0
13063,1
13064,0
13065,0
13066,0
13067,0
13068,0
13069,0
13070,0
13071,0
13072,0
13073,0
13074,0
13075,1
13076,0
13077,0
13078,1
13079,0
13080,0
13081,0
13082,0
13083,0
13084,1
13085,0
13086,0
13087,0
13088,0
13089,0
13090,0
13091,0
13092,0
13093,0
13094,0
13095,0
13096,0
13097,0
13098,0
13099,0
13100,0
13101,1
13102,1
13103,0
13104,0
13105,1
13106,0
13107,0
13108,0
13109,0
13110,0
13111,0
13112,0
13113,0
13114,0
13115,0
13116,0
13117,1
13118,0
13119,0
13120,0
13121,0
13122,0
13123,0
13124,0
13125,0
13126,0
13127,0
13128,1
13129,0
13130,0
13131,0
13132,0
13133,0
13134,0
13135,0
13136,1
13137,1
13138,0
13139,0
13140,1
13141,0
13142,0
13143,0
13144,0
13145,0
13146,0
13147,0
13148,0
13149,0
13150,0
13151,1
13152,0
13153,0
13154,0
13155,1
13156,0
13157,0
13158,0
13159,1
13160,0
13161,0
13162,0
13163,0
13164,0
13165,0
13166,0
13167,1
13168,0
13169,0
13170,0
13171,0
13172,1
13173,1
13174,0
13175,0
13176,0
13177,0
13178,0
13179,0
13180,0
13181,0
13182,0
13183,0
13184,0
13185,0
13186,0
13187,0
13188,0
13189,0
13190,0
13191,1
13192,0
13193,0
13194,0
13195,1
13196,0
13197,0
13198,0
13199,0
13200,0
13201,0
13202,0
13203,0
13204,0
13205,0
13206,0
13207,1
13208,0
13209,0
13210,0
13211,0
13212,0
13213,0
13214,0
13215,0
13216,0
13217,0
13218,0
13219,0
13220,0
13221,0
13222,0
13223,0
13224,0
13225,0
13226,0
13227,1
13228,0
13229,0
13230,1
13231,0
13232,0
13233,0
13234,1
13235,0
13236,1
13237,0
13238,0
13239,0
13240,0
13241,0
13242,0
13243,0
13244,0
13245,0
13246,0
13247,0
13248,0
13249,0
13250,1
13251,0
13252,1
13253,0
13254,0
13255,0
13256,0
13257,0
13258,0
13259,0
13260,0
13261,0
13262,0
13263,0
13264,0
13265,0
13266,0
13267,0
13268,0
13269,0
13270,0
13271,0
13272,0
13273,0
13274,0
13275,0
13276,0
13277,0
13278,1
13279,1
13280,0
13281,0
13282,0
13283,0
13284,0
13285,0
13286,0
13287,0
13288,0
13289,0
13290,0
13291,0
13292,0
13293,1
13294,0
13295,0
13296,0
13297,0
13298,0
13299,0
13300,1
13301,0
13302,0
13303,1
13304,3
13305,0
13306,0
13307,0
13308,0
13309,0
13310,0
13311,0
13312,0
13313,0
13314,0
13315,0
13316,0
13317,0
13318,0
13319,0
13320,0
13321,0
13322,0
13323,0
13324,0
13325,0
13326,0
13327,0
13328,0
13329,0
13330,0
13331,0
13332,0
13333,0
13334,1
13335,0
13336,1
13337,0
13338,1
13339,1
13340,0
13341,0
13342,0
13343,0
13344,0
13345,0
13346,0
13347,0
13348,0
13349,0
13350,0
13351,1
13352,0
13353,0
13354,0
13355,0
13356,0
13357,0
13358,0
13359,0
15756,0
15757,0
15758,0
15759,0
15760,1
15761,0
15762,3
15763,0
15764,0
15765,0
15766,0
15767,0
15768,0
15769,0
15770,0
15771,0
15772,0
15773,0
15774,0
15775,0
15776,0
15777,0
15778,0
15779,0
15780,0
15781,2
15782,0
15783,0
15784,0
15785,0
15786,0
15787,0
15788,0
15789,0
15790,0
15791,0
15792,0
15793,0
15794,0
15795,0
15796,0
15797,1
15798,0
15799,0
15800,0
15801,0
15802,0
15803,0
15804,1
15805,0
15806,0
15807,0
15808,0
15809,0
15810,0
15811,0
15812,0
15813,0
15814,3
15815,1
15816,0
15817,2
15818,0
15819,0
15820,0
15821,1
15822,0
15823,2
15824,0
15825,0
15826,0
15827,0
15828,0
15829,0
15830,0
15831,0
15832,1
15833,0
15834,0
15835,0
15836,0
15837,0
15838,0
15839,0
15840,0
15841,0
15842,0
15843,0
15844,0
15845,1
15846,0
15847,0
15848,0
15849,0
15850,0
15851,0
15852,1
15853,0
15854,0
15855,0
15856,0
15857,0
15858,0
15859,0
15860,0
15861,0
15862,1
15863,0
15864,0
15865,0
15866,0
15867,3
15868,0
15869,0
15870,0
15871,0
15872,0
15873,0
15874,0
15875,0
15876,0
15877,0
15878,1
15879,0
15880,0
15881,0
15882,0
15883,0
15884,0
15885,1
15886,0
15887,0
15888,0
15889,0
15890,0
15891,0
15892,0
15893,0
15894,0
15895,0
15896,0
15897,0
15898,0
15899,0
15900,0
15901,0
15902,1
15903,1
15904,0
15905,0
15906,0
15907,0
15908,0
15909,2
15910,0
15911,0
15912,0
15913,0
15914,0
15915,0
15916,0
15917,0
15918,2
15919,0
15920,0
15921,0
15922,0
15923,0
15924,0
15925,0
15926,2
15927,0
15928,0
15929,0
15930,0
15931,0
15932,0
15933,0
15934,0
15935,0
15936,0
15937,0
15938,0
15939,0
15940,0
15941,0
15942,0
15943,0
15944,0
15945,0
15946,0
15947,0
15948,0
15949,0
15950,0
15951,0
15952,0
15953,0
15954,0
15955,0
15956,1
15957,0
15958,0
15959,0
15960,0
15961,0
15962,0
15963,0
15964,0
15965,0
15966,0
15967,0
15968,0
15969,0
15970,0
15971,0
15972,0
15973,0
15974,0
15975,0
15976,0
15977,0
15978,1
15979,0
15980,0
15981,0
15982,0
15983,0
15984,0
15985,1
15986,0
15987,0
15988,0
15989,0
15990,0
15991,0
15992,0
15993,0
15994,0
15995,0
15996,0
15997,0
15998,0
15999,0
16000,0
16001,0
16002,0
16003,0
16004,0
16005,0
16006,0
16007,0
16008,0
16009,0
16010,0
16011,0
16012,0
16013,0
16014,0
16015,0
16016,0
16017,0
16018,0
16019,0
16020,0
16021,0
16022,0
16023,0
16024,0
16025,0
16026,0
16027,0
16028,0
16029,0
16030,0
16031,0
16032,0
16033,0
16034,0
16035,0
16036,0
16037,0
16038,0
16039,0
16040,0
16041,0
16042,0
16043,0
16044,0
16045,0
16046,0
16047,0
16048,0
16049,0
16050,0
16051,0
16052,0
16053,0
16054,0
16055,0
16056,2
16057,0
16058,0
16059,0
16060,0
16061,0
16062,0
16063,0
16064,0
16065,0
16066,0
16067,0
16068,0
16069,0
16070,0
16071,0
16072,0
16073,0
16074,0
16075,0
16076,0
16077,0
16078,1
16079,0
16080,0
16081,0
16082,0
16083,0
16084,0
16085,2
16086,0
16087,0
16088,0
16089,0
16090,0
16091,3
16092,0
16093,0
16094,0
16095,0
16096,0
16097,0
16098,0
16099,2
16100,0
16101,0
16102,0
16103,0
16104,1
16105,0
16106,0
16107,0
16108,0
16109,0
16110,0
16111,3
16112,0
16113,1
16114,0
16115,0
16116,0
16117,0
16118,0
16119,0
16120,0
16121,0
16122,0
16123,0
16124,0
16125,1
16126,1
16127,0
16128,0
16129,0
16130,0
16131,0
16132,0
16133,0
16134,3
16135,0
16136,0
16137,0
16138,0
16139,0
16140,0
16141,0
16142,0
16143,2
16144,0
16145,0
16146,0
16147,0
16148,0
16149,0
16150,0
16151,0
16152,0
16153,0
16154,0
16155,0
16156,0
16157,0
16158,0
16159,0
16160,1
16161,0
16162,0
16163,0
16164,3
16165,0
16166,0
16167,0
16168,0
16169,0
16170,1
16171,0
16172,0
16173,0
16174,0
16175,0
16176,0
16177,0
16178,0
16179,0
16180,2
16181,0
16182,0
16183,0
16184,0
16185,0
16186,0
16187,0
16188,0
16189,0
16190,0
16191,0
16192,0
16193,0
16194,0
16195,0
16196,1
16197,0
16198,0
16199,0
16200,0
16201,0
16202,0
16203,1
16204,0
16205,0
16206,0
16207,0
16208,0
16209,2
16210,0
16211,0
16212,0
16213,0
16214,0
16215,0
16216,0
16217,0
16218,0
16219,0
16220,0
16221,0
16222,0
16223,0
16224,0
16225,2
16226,0
16227,0
16228,0
16229,0
16230,0
16231,0
16232,0
16233,0
16234,0
16235,0
16236,2
16237,0
16238,0
16239,0
16240,0
16241,1
16242,0
16243,0
16244,0
16245,0
16246,1
16247,0
16248,0
16249,0
16250,0
16251,0
16252,0
16253,0
16254,0
16255,0
16256,0
16257,0
16258,0
16259,0
16260,0
16261,0
16262,0
16263,0
16264,0
16265,0
16266,0
16267,0
16268,0
16269,0
16270,0
16271,0
16272,0
16273,0
16274,0
16275,0
16276,0
16277,0
16278,0
16279,0
16280,0
16281,1
16282,0
16283,0
16284,0
16285,2
16286,0
16287,0
16288,1
16289,0
16290,0
16291,1
16292,0
16293,0
16294,0
16295,0
16296,0
16297,0
16298,3
16299,0
16300,0
16301,1
16302,0
16303,0
16304,0
16305,0
16306,0
16307,0
16308,0
16309,0
16310,0
16311,0
16312,0
16313,0
16314,0
16315,0
16316,0
16317,0
16318,0
16319,1
16320,0
16321,0
16322,0
16323,0
16324,0
16325,0
16326,0
16327,0
16328,0
16329,0
16330,0
16331,0
16332,0
16333,0
16334,0
16335,0
16336,0
16337,1
16338,0
16339,0
16340,0
16341,0
16342,0
16343,1
16344,0
16345,0
16346,0
16347,0
16348,0
16349,1
16350,0
16351,0
16352,0
16353,0
16354,0
18753,2
18754,0
18755,0
18756,0
18757,0
18758,0
18759,2
18760,0
18761,0
18762,2
18763,1
18764,0
18765,2
18766,0
18767,0
18768,0
18769,0
18770,0
18771,0
18772,2
18773,0
18774,0
18775,2
18776,1
18777,0
18778,0
18779,0
18780,0
18781,0
18782,2
18783,1
18784,0
18785,2
18786,0
18787,1
18788,0
18789,0
18790,0
18791,0
18792,0
18793,2
18794,0
18795,0
18796,1
18797,0
18798,0
18799,2
18800,2
18801,0
18802,0
18803,2
18804,2
18805,0
18806,2
18807,1
18808,1
18809,2
18810,0
18811,0
18812,2
18813,2
18814,2
18815,0
18816,1
18817,0
18818,0
18819,1
18820,0
18821,2
18822,1
18823,0
18824,1
18825,1
18826,0
18827,2
18828,0
18829,0
18830,0
18831,1
18832,0
18833,0
18834,1
18835,2
18836,1
18837,0
18838,0
18839,0
18840,1
18841,0
18842,0
18843,0
18844,1
18845,0
18846,0
18847,2
18848,0
18849,0
18850,0
18851,0
18852,0
18853,0
18854,2
18855,0
18856,0
18857,2
18858,0
18859,0
18860,0
18861,0
18862,0
18863,2
18864,0
18865,0
18866,0
18867,0
18868,0
18869,0
18870,0
18871,0
18872,2
18873,0
18874,0
18875,0
18876,0
18877,2
18878,2
18879,1
18880,1
18881,0
18882,0
18883,0
18884,2
18885,2
18886,0
18887,2
18888,0
18889,0
18890,0
18891,1
18892,0
18893,2
18894,0
18895,0
18896,2
18897,0
18898,1
18899,1
18900,2
18901,2
18902,0
18903,2
18904,1
18905,0
18906,0
18907,2
18908,2
18909,1
18910,0
18911,0
18912,0
18913,2
18914,0
18915,0
18916,0
18917,1
18918,2
18919,1
18920,0
18921,0
18922,0
18923,0
18924,1
18925,0
18926,0
18927,1
18928,0
18929,0
18930,0
18931,0
18932,2
18933,0
18934,0
18935,0
18936,0
18937,0
18938,0
18939,0
18940,2
18941,2
18942,2
18943,0
18944,0
18945,2
18946,1
18947,0
18948,0
18949,2
18950,0
18951,0
18952,1
18953,0
18954,0
18955,0
18956,0
18957,2
18958,0
18959,0
18960,0
18961,0
18962,0
18963,2
18964,0
18965,2
18966,2
18967,0
18968,0
18969,0
18970,1
18971,0
18972,1
18973,0
18974,2
18975,2
18976,0
18977,2
18978,0
18979,2
18980,0
18981,0
18982,0
18983,0
18984,0
18985,0
18986,1
18987,0
18988,0
18989,0
18990,1
18991,0
18992,0
18993,0
18994,0
18995,1
18996,0
18997,0
18998,0
18999,0
19000,0
19001,2
19002,1
19003,2
19004,0
19005,0
19006,0
19007,0
19008,2
19009,0
19010,0
19011,1
19012,0
19013,0
19014,0
19015,2
19016,0
19017,2
19018,0
19019,1
19020,0
19021,1
19022,0
19023,0
19024,1
19025,0
19026,0
19027,0
19028,0
19029,0
19030,0
19031,2
19032,0
19033,0
19034,2
19035,1
19036,0
19037,0
19038,0
19039,2
19040,2
19041,2
19042,0
19043,0
19044,0
19045,0
19046,2
19047,0
19048,1
19049,0
19050,0
19051,1
19052,1
19053,1
19054,0
19055,0
19056,0
19057,2
19058,0
19059,0
19060,1
19061,2
19062,0
19063,0
19064,2
19065,2
19066,0
19067,0
19068,0
19069,0
19070,2
19071,1
19072,0
19073,0
19074,2
19075,0
19076,0
19077,1
19078,0
19079,0
19080,2
19081,1
19082,0
19083,0
19084,0
19085,0
19086,2
19087,0
19088,1
19089,1
19090,0
19091,0
19092,0
19093,0
19094,0
19095,2
19096,0
19097,1
19098,2
19099,0
19100,0
19101,0
19102,0
19103,0
19104,2
19105,0
19106,0
19107,0
19108,1
19109,0
19110,1
19111,2
19112,1
19113,0
19114,0
19115,2
19116,0
19117,0
19118,0
19119,1
19120,0
19121,1
19122,0
19123,0
19124,0
19125,0
19126,0
19127,2
19128,1
19129,0
19130,0
19131,0
19132,2
19133,0
19134,0
19135,0
19136,0
19137,1
19138,0
19139,0
19140,1
19141,0
19142,1
19143,0
19144,0
19145,2
19146,0
19147,2
19148,0
19149,1
19150,1
19151,0
19152,0
19153,0
19154,0
19155,1
19156,0
19157,0
19158,0
19159,0
19160,0
19161,2
19162,2
19163,0
19164,1
19165,0
19166,0
19167,2
19168,0
19169,1
19170,0
19171,1
19172,0
19173,0
19174,0
19175,0
19176,0
19177,0
19178,2
19179,0
19180,0
19181,1
19182,0
19183,0
19184,0
19185,0
19186,0
19187,2
19188,0
19189,0
19190,1
19191,0
19192,2
19193,0
19194,0
19195,2
19196,0
19197,1
19198,0
19199,0
19200,2
19201,2
19202,2
19203,1
19204,0
19205,0
19206,2
19207,2
19208,0
19209,0
19210,0
19211,0
19212,2
19213,0
19214,0
19215,0
19216,1
19217,0
19218,2
19219,0
19220,0
19221,0
19222,2
19223,2
19224,0
19225,0
19226,0
19227,0
19228,0
19229,0
19230,0
19231,0
19232,0
19233,2
19234,1
19235,0
19236,1
19237,2
19238,0
19239,0
19240,0
19241,2
19242,0
19243,0
19244,0
19245,0
19246,2
19247,0
19248,0
19249,0
19250,0
19251,0
19252,2
19253,2
19254,2
19255,1
19256,2
19257,1
19258,2
19259,2
19260,0
19261,2
19262,0
19263,1
19264,0
19265,1
19266,2
19267,0
19268,0
19269,0
19270,2
19271,1
19272,1
19273,0
19274,1
19275,0
19276,1
19277,0
19278,2
19279,0
19280,0
19281,1
19282,1
19283,0
19284,2
19285,2
19286,0
19287,1
19288,0
19289,0
19290,2
19291,0
19292,1
19293,2
19294,1
19295,2
19296,0
19297,0
19298,0
19299,1
19300,0
19301,1
19302,2
19303,1
19304,1
19305,0
19306,0
19307,1
19308,0
19309,0
19310,0
19311,0
19312,0
19313,0
19314,0
19315,0
19316,0
19317,1
19318,2
19319,2
19320,0
19321,0
19322,0
19323,0
19324,0
19325,0
19326,0
19327,1
19328,2
19329,0
19330,0
19331,1
19332,1
19333,0
19334,0
19335,0
19336,2
19337,2
19338,1
19339,0
19340,0
19341,0
19342,0
19343,1
19344,1
19345,2
19346,0
19347,0
19348,0
19349,2
19350,1
19351,2
21752,2
21753,1
21754,2
21755,2
21756,2
21757,2
21758,0
21759,0
21760,2
21761,0
21762,2
21763,0
21764,2
21765,0
21766,0
21767,0
21768,0
21769,1
21770,2
21771,2
21772,0
21773,2
21774,2
21775,0
21776,0
21777,0
21778,2
21779,2
21780,2
21781,2
21782,1
21783,2
21784,2
21785,0
21786,2
21787,2
21788,2
21789,1
21790,2
21791,2
21792,0
21793,0
21794,2
21795,2
21796,2
21797,2
21798,2
21799,2
21800,0
21801,2
21802,2
21803,2
21804,0
21805,2
21806,2
21807,0
21808,2
21809,2
21810,2
21811,2
21812,0
21813,0
21814,0
21815,2
21816,1
21817,1
21818,2
21819,2
21820,2
21821,2
21822,0
21823,0
21824,2
21825,2
21826,2
21827,0
21828,0
21829,2
21830,2
21831,0
21832,0
21833,0
21834,0
21835,1
21836,0
21837,2
21838,2
21839,1
21840,2
21841,2
21842,2
21843,2
21844,2
21845,1
21846,2
21847,2
21848,2
21849,2
21850,2
21851,0
21852,2
21853,2
21854,0
21855,2
21856,2
21857,2
21858,0
21859,2
21860,0
21861,2
21862,2
21863,2
21864,2
21865,1
21866,2
21867,2
21868,0
21869,0
21870,2
21871,2
21872,2
21873,0
21874,1
21875,0
21876,0
21877,2
21878,0
21879,0
21880,0
21881,1
21882,0
21883,2
21884,2
21885,1
21886,2
21887,2
21888,2
21889,0
21890,0
21891,2
21892,0
21893,0
21894,2
21895,2
21896,2
21897,2
21898,0
21899,2
21900,2
21901,2
21902,2
21903,0
21904,1
21905,2
21906,2
21907,0
21908,2
21909,0
21910,1
21911,2
21912,0
21913,1
21914,0
21915,2
21916,0
21917,2
21918,0
21919,2
21920,0
21921,1
21922,2
21923,1
21924,2
21925,2
21926,2
21927,2
21928,2
21929,2
21930,2
21931,0
21932,2
21933,1
21934,2
21935,0
21936,0
21937,1
21938,2
21939,0
21940,2
21941,0
21942,2
21943,2
21944,2
21945,2
21946,0
21947,2
21948,2
21949,0
21950,1
21951,2
21952,2
21953,0
21954,2
21955,0
21956,0
21957,0
21958,2
21959,0
21960,2
21961,0
21962,0
21963,0
21964,1
21965,0
21966,2
21967,0
21968,1
21969,1
21970,0
21971,0
21972,2
21973,0
21974,0
21975,2
21976,2
21977,2
21978,2
21979,1
21980,2
21981,2
21982,2
21983,2
21984,2
21985,0
21986,1
21987,1
21988,2
21989,0
21990,2
21991,2
21992,2
21993,2
21994,0
21995,2
21996,2
21997,2
21998,2
21999,2
22000,2
22001,2
22002,2
22003,2
22004,1
22005,2
22006,2
22007,1
22008,2
22009,2
22010,2
22011,0
22012,2
22013,2
22014,2
22015,2
22016,2
22017,2
22018,2
22019,2
22020,2
22021,2
22022,2
22023,0
22024,0
22025,2
22026,2
22027,2
22028,2
22029,0
22030,2
22031,2
22032,2
22033,0
22034,1
22035,2
22036,2
22037,1
22038,2
22039,0
22040,2
22041,2
22042,2
22043,2
22044,2
22045,2
22046,0
22047,0
22048,0
22049,0
22050,2
22051,2
22052,2
22053,2
22054,2
22055,2
22056,0
22057,0
22058,1
22059,1
22060,2
22061,0
22062,2
22063,2
22064,2
22065,0
22066,0
22067,2
22068,2
22069,2
22070,2
22071,2
22072,2
22073,0
22074,2
22075,2
22076,2
22077,2
22078,0
22079,2
22080,2
22081,2
22082,2
22083,1
22084,1
22085,1
22086,0
22087,0
22088,2
22089,2
22090,2
22091,2
22092,0
22093,1
22094,2
22095,2
22096,2
22097,2
22098,0
22099,2
22100,0
22101,0
22102,0
22103,2
22104,0
22105,2
22106,2
22107,2
22108,2
22109,2
22110,0
22111,2
22112,0
22113,2
22114,2
22115,2
22116,2
22117,2
22118,1
22119,2
22120,2
22121,2
22122,2
22123,2
22124,0
22125,2
22126,2
22127,2
22128,2
22129,2
22130,2
22131,2
22132,0
22133,2
22134,0
22135,2
22136,2
22137,0
22138,2
22139,2
22140,0
22141,2
22142,2
22143,2
22144,2
22145,2
22146,2
22147,0
22148,2
22149,2
22150,0
22151,2
22152,2
22153,2
22154,0
22155,2
22156,1
22157,2
22158,2
22159,2
22160,2
22161,1
22162,2
22163,2
22164,1
22165,2
22166,0
22167,0
22168,0
22169,2
22170,2
22171,0
22172,0
22173,0
22174,2
22175,0
22176,2
22177,2
22178,2
22179,1
22180,2
22181,0
22182,0
22183,2
22184,2
22185,2
22186,2
22187,1
22188,0
22189,2
22190,2
22191,2
22192,2
22193,2
22194,2
22195,0
22196,2
22197,2
22198,2
22199,2
22200,2
22201,0
22202,0
22203,2
22204,2
22205,2
22206,2
22207,2
22208,1
22209,2
22210,2
22211,0
22212,2
22213,1
22214,2
22215,2
22216,0
22217,2
22218,0
22219,1
22220,0
22221,2
22222,0
22223,2
22224,2
22225,2
22226,2
22227,1
22228,2
22229,0
22230,2
22231,0
22232,0
22233,1
22234,2
22235,2
22236,0
22237,2
22238,2
22239,1
22240,2
22241,1
22242,0
22243,0
22244,0
22245,2
22246,0
22247,2
22248,2
22249,2
22250,2
22251,2
22252,1
22253,0
22254,2
22255,2
22256,0
22257,2
22258,0
22259,2
22260,0
22261,1
22262,2
22263,0
22264,0
22265,1
22266,2
22267,2
22268,0
22269,2
22270,0
22271,2
22272,2
22273,2
22274,2
22275,0
22276,2
22277,0
22278,2
22279,2
22280,0
22281,0
22282,1
22283,2
22284,2
22285,2
22286,0
22287,2
22288,0
22289,1
22290,1
22291,0
22292,0
22293,0
22294,0
22295,2
22296,0
22297,0
22298,2
22299,2
22300,2
22301,2
22302,2
22303,2
22304,2
22305,0
22306,0
22307,2
22308,2
22309,2
22310,1
22311,2
22312,2
22313,0
22314,0
22315,0
22316,0
22317,2
22318,2
22319,1
22320,2
22321,0
22322,2
22323,2
22324,2
22325,0
22326,2
22327,0
22328,2
22329,0
22330,2
22331,2
22332,2
22333,2
22334,2
22335,0
22336,2
22337,2
22338,0
22339,2
22340,0
22341,2
22342,2
22343,0
22344,2
22345,0
22346,0
22347,2
22348,2
22349,2
22350,1
24750,1
24751,2
24752,0
24753,1
24754,2
24755,2
24756,1
24757,0
24758,0
24759,1
24760,1
24761,0
24762,0
24763,0
24764,2
24765,1
24766,1
24767,2
24768,1
24769,1
24770,2
24771,1
24772,0
24773,2
24774,2
24775,1
24776,1
24777,1
24778,1
24779,2
24780,2
24781,1
24782,2
24783,1
24784,0
24785,1
24786,2
24787,2
24788,1
24789,1
24790,1
24791,1
24792,1
24793,1
24794,2
24795,1
24796,2
24797,0
24798,1
24799,2
24800,1
24801,2
24802,1
24803,1
24804,2
24805,0
24806,2
24807,1
24808,0
24809,1
24810,2
24811,1
24812,1
24813,2
24814,2
24815,2
24816,2
24817,1
24818,1
24819,1
24820,1
24821,2
24822,0
24823,2
24824,2
24825,1
24826,0
24827,0
24828,1
24829,2
24830,1
24831,2
24832,2
24833,1
24834,2
24835,1
24836,0
24837,2
24838,1
24839,1
24840,1
24841,1
24842,0
24843,2
24844,2
24845,1
24846,1
24847,0
24848,0
24849,2
24850,2
24851,1
24852,0
24853,2
24854,0
24855,0
24856,1
24857,1
24858,0
24859,0
24860,0
24861,1
24862,2
24863,1
24864,2
24865,0
24866,1
24867,1
24868,2
24869,1
24870,2
24871,1
24872,0
24873,1
24874,1
24875,1
24876,2
24877,0
24878,2
24879,1
24880,1
24881,1
24882,1
24883,2
24884,1
24885,0
24886,0
24887,2
24888,1
24889,0
24890,1
24891,1
24892,2
24893,0
24894,1
24895,2
24896,0
24897,1
24898,1
24899,1
24900,2
24901,2
24902,0
24903,2
24904,2
24905,2
24906,0
24907,0
24908,1
24909,0
24910,2
24911,1
24912,1
24913,2
24914,1
24915,2
24916,1
24917,0
24918,0
24919,1
24920,1
24921,0
24922,1
24923,1
24924,2
24925,2
24926,1
24927,1
24928,0
24929,2
24930,2
24931,1
24932,2
24933,2
24934,1
24935,1
24936,2
24937,1
24938,1
24939,2
24940,1
24941,1
24942,2
24943,1
24944,0
24945,1
24946,1
24947,1
24948,2
24949,0
24950,2
24951,2
24952,1
24953,1
24954,1
24955,1
24956,1
24957,1
24958,2
24959,1
24960,1
24961,1
24962,1
24963,0
24964,2
24965,2
24966,0
24967,2
24968,1
24969,1
24970,1
24971,1
24972,2
24973,1
24974,2
24975,0
24976,1
24977,2
24978,1
24979,1
24980,1
24981,1
24982,0
24983,1
24984,2
24985,2
24986,2
24987,1
24988,2
24989,2
24990,2
24991,1
24992,1
24993,0
24994,1
24995,1
24996,1
24997,1
24998,1
24999,1
25000,2
25001,0
25002,1
25003,0
25004,2
25005,0
25006,1
25007,2
25008,1
25009,1
25010,1
25011,1
25012,1
25013,0
25014,1
25015,2
25016,2
25017,0
25018,2
25019,1
25020,1
25021,1
25022,1
25023,0
25024,1
25025,2
25026,2
25027,0
25028,1
25029,2
25030,1
25031,1
25032,0
25033,0
25034,1
25035,2
25036,0
25037,2
25038,1
25039,2
25040,2
25041,1
25042,0
25043,0
25044,1
25045,0
25046,2
25047,2
25048,1
25049,1
25050,1
25051,0
25052,1
25053,2
25054,2
25055,1
25056,1
25057,1
25058,1
25059,1
25060,1
25061,2
25062,1
25063,1
25064,2
25065,1
25066,1
25067,1
25068,1
25069,2
25070,1
25071,0
25072,1
25073,0
25074,2
25075,2
25076,1
25077,1
25078,0
25079,2
25080,0
25081,2
25082,0
25083,1
25084,2
25085,0
25086,0
25087,1
25088,2
25089,1
25090,1
25091,1
25092,2
25093,1
25094,1
25095,0
25096,2
25097,1
25098,2
25099,2
25100,2
25101,2
25102,2
25103,1
25104,1
25105,2
25106,0
25107,1
25108,2
25109,2
25110,2
25111,1
25112,1
25113,1
25114,2
25115,2
25116,0
25117,1
25118,0
25119,2
25120,1
25121,2
25122,1
25123,2
25124,1
25125,1
25126,1
25127,2
25128,2
25129,1
25130,1
25131,2
25132,0
25133,1
25134,2
25135,0
25136,1
25137,1
25138,2
25139,2
25140,2
25141,1
25142,2
25143,0
25144,0
25145,2
25146,1
25147,2
25148,0
25149,2
25150,1
25151,1
25152,2
25153,1
25154,0
25155,1
25156,2
25157,2
25158,1
25159,2
25160,2
25161,2
25162,1
25163,0
25164,1
25165,0
25166,2
25167,1
25168,2
25169,2
25170,2
25171,1
25172,1
25173,0
25174,2
25175,1
25176,0
25177,1
25178,1
25179,1
25180,2
25181,2
25182,1
25183,1
25184,2
25185,2
25186,2
25187,0
25188,1
25189,0
25190,0
25191,0
25192,2
25193,1
25194,2
25195,0
25196,0
25197,1
25198,2
25199,0
25200,1
25201,1
25202,2
25203,1
25204,2
25205,2
25206,1
25207,2
25208,2
25209,2
25210,1
25211,1
25212,2
25213,0
25214,2
25215,1
25216,1
25217,1
25218,1
25219,2
25220,0
25221,2
25222,1
25223,0
25224,1
25225,1
25226,0
25227,2
25228,1
25229,0
25230,1
25231,2
25232,2
25233,1
25234,1
25235,2
25236,1
25237,1
25238,1
25239,2
25240,0
25241,0
25242,1
25243,0
25244,1
25245,1
25246,0
25247,1
25248,2
25249,2
25250,2
25251,1
25252,1
25253,2
25254,1
25255,2
25256,1
25257,2
25258,2
25259,0
25260,0
25261,2
25262,2
25263,2
25264,0
25265,0
25266,2
25267,1
25268,0
25269,1
25270,2
25271,1
25272,1
25273,1
25274,1
25275,2
25276,2
25277,2
25278,1
25279,2
25280,1
25281,1
25282,1
25283,0
25284,0
25285,2
25286,1
25287,0
25288,1
25289,1
25290,1
25291,1
25292,2
25293,2
25294,1
25295,1
25296,2
25297,1
25298,2
25299,2
25300,2
25301,0
25302,1
25303,2
25304,0
25305,2
25306,1
25307,2
25308,1
25309,2
25310,2
25311,0
25312,1
25313,2
25314,2
25315,2
25316,0
25317,1
25318,2
25319,1
25320,1
25321,0
25322,0
25323,0
25324,1
25325,2
25326,2
25327,1
25328,1
25329,1
25330,1
25331,1
25332,0
25333,2
25334,1
25335,1
25336,0
25337,0
25338,1
25339,1
25340,0
25341,2
25342,1
25343,0
25344,0
25345,2
25346,2
25347,1
25348,1
27589,1
27590,1
27591,2
27592,2
27593,2
27594,2
27595,1
27596,2
27597,2
27598,0
27599,2
27600,1
27601,2
27602,2
27603,2
27604,1
27605,1
27606,1
27607,1
27608,2
27609,0
27610,2
27611,0
27612,2
27613,2
27614,1
27615,2
27616,2
27617,1
27618,1
27619,1
27620,1
27621,1
27622,2
27623,1
27624,2
27625,2
27626,1
27627,1
27628,1
27629,2
27630,1
27631,2
27632,1
27633,2
27634,2
27635,2
27636,1
27637,2
27638,1
27639,1
27640,1
27641,2
27642,2
27643,1
27644,1
27645,2
27646,2
27647,1
27648,1
27649,1
27650,1
27651,1
27652,1
27653,1
27654,1
27655,1
27656,2
27657,0
27658,1
27659,2
27660,1
27661,2
27662,2
27663,1
27664,2
27665,1
27666,1
27667,1
27668,1
27669,1
27670,2
27671,1
27672,1
27673,1
27674,1
27675,1
27676,2
27677,2
27678,1
27679,1
27680,2
27681,1
27682,1
27683,2
27684,2
27685,2
27686,2
27687,1
27688,1
27689,1
27690,1
27691,2
27692,0
27693,2
27694,1
27695,1
27696,0
27697,1
27698,1
27699,1
27700,1
27701,2
27702,1
27703,2
27704,1
27705,2
27706,2
27707,1
27708,1
27709,1
27710,2
27711,2
27712,1
27713,1
27714,0
27715,2
27716,1
27717,2
27718,2
27719,0
27720,1
27721,1
27722,1
27723,1
27724,1
27725,1
27726,1
27727,2
27728,2
27729,2
27730,1
27731,1
27732,1
27733,2
27734,2
27735,1
27736,1
27737,1
27738,1
27739,2
27740,1
27741,1
27742,2
27743,2
27744,1
27745,1
27746,2
27747,0
27748,0
27749,0
27750,0
27751,2
27752,0
27753,2
27754,0
27755,2
27756,2
27757,1
27758,1
27759,1
27760,1
27761,1
27762,1
27763,0
27764,2
27765,1
27766,1
27767,0
27768,1
27769,1
27770,1
27771,2
27772,1
27773,2
27774,0
27775,1
27776,2
27777,1
27778,2
27779,2
27780,2
27781,1
27782,1
27783,2
27784,0
27785,2
27786,2
27787,2
27788,2
27789,2
27790,1
27791,2
27792,0
27793,1
27794,0
27795,2
27796,2
27797,1
27798,2
27799,1
27800,2
27801,2
27802,1
27803,1
27804,2
27805,2
27806,2
27807,1
27808,1
27809,1
27810,2
27811,2
27812,1
27813,1
27814,1
27815,1
27816,1
27817,2
27818,1
27819,2
27820,1
27821,2
27822,2
27823,1
27824,2
27825,1
27826,2
27827,1
27828,1
27829,1
27830,2
27831,2
27832,1
27833,1
27834,1
27835,1
27836,1
27837,0
27838,2
27839,2
27840,2
27841,1
27842,2
27843,2
27844,1
27845,1
27846,2
27847,1
27848,2
27849,2
27850,0
27851,1
27852,2
27853,2
27854,2
27855,1
27856,2
27857,1
27858,2
27859,2
27860,2
27861,1
27862,2
27863,1
27864,1
27865,1
27866,1
27867,2
27868,1
27869,2
27870,2
27871,1
27872,1
27873,1
27874,2
27875,2
27876,2
27877,0
27878,1
27879,1
27880,1
27881,1
27882,1
27883,2
27884,1
27885,2
27886,1
27887,2
27888,2
27889,1
27890,2
27891,1
27892,1
27893,1
27894,1
27895,2
27896,2
27897,2
27898,2
27899,1
27900,1
27901,2
27902,2
27903,2
27904,1
27905,2
27906,1
27907,1
27908,2
27909,2
27910,2
27911,0
27912,1
27913,2
27914,1
27915,2
27916,0
27917,1
27918,2
27919,1
27920,1
27921,2
27922,1
27923,1
27924,1
27925,1
27926,1
27927,1
27928,1
27929,1
27930,1
27931,1
27932,1
27933,1
27934,1
27935,1
27936,2
27937,2
27938,1
27939,0
27940,1
27941,2
27942,1
27943,1
27944,2
27945,2
27946,2
27947,2
27948,2
27949,1
27950,2
27951,1
27952,2
27953,1
27954,1
27955,2
27956,1
27957,1
27958,1
27959,1
27960,1
27961,2
27962,1
27963,2
27964,1
27965,1
27966,1
27967,2
27968,2
27969,2
27970,1
27971,1
27972,2
27973,1
27974,2
27975,1
27976,2
27977,1
27978,2
27979,1
27980,2
27981,1
27982,2
27983,1
27984,1
27985,2
27986,1
27987,0
27988,2
27989,0
27990,2
27991,0
27992,1
27993,0
27994,2
27995,2
27996,1
27997,2
27998,2
27999,2
28000,2
28001,1
28002,1
28003,1
28004,1
28005,1
28006,1
28007,1
28008,1
28009,1
28010,1
28011,2
28012,0
28013,2
28014,1
28015,1
28016,1
28017,2
28018,2
28019,1
28020,1
28021,2
28022,1
28023,2
28024,1
28025,2
28026,1
28027,1
28028,2
28029,1
28030,2
28031,1
28032,2
28033,2
28034,1
28035,1
28036,2
28037,2
28038,2
28039,1
28040,2
28041,2
28042,2
28043,2
28044,1
28045,1
28046,2
28047,2
28048,2
28049,2
28050,1
28051,2
28052,1
28053,1
28054,2
28055,1
28056,1
28057,1
28058,1
28059,2
28060,1
28061,2
28062,2
28063,1
28064,2
28065,2
28066,0
28067,2
28068,2
28069,1
28070,2
28071,1
28072,1
28073,1
28074,2
28075,1
28076,0
28077,1
28078,1
28079,2
28080,2
28081,1
28082,2
28083,2
28084,0
28085,1
28086,2
28087,2
28088,1
28089,1
28090,2
28091,1
28092,1
28093,1
28094,0
28095,1
28096,1
28097,0
28098,1
28099,1
28100,1
28101,0
28102,1
28103,2
28104,0
28105,1
28106,1
28107,2
28108,2
28109,1
28110,2
28111,1
28112,1
28113,1
28114,2
28115,0
28116,2
28117,1
28118,2
28119,2
28120,1
28121,1
28122,1
28123,2
28124,1
28125,1
28126,1
28127,2
28128,2
28129,2
28130,1
28131,1
28132,1
28133,1
28134,1
